,Description
305,WWW.DIGISTORE24.COM - 8003567947 FL
268,UPS*1ZA407020364466528 800-811-1648 GA1ZA407020364466528
169,TST* DIVE BAR AND GRIL SAVAGE MD00060644010365207788AA
49,TST* COPENHAGEN BAKERY BURLINGAME CA
32,TRAVEL GUARD GROUP INC 877-934-8308 WI
95,THE DONUT BAR SAN DIEGO CA
187,THE CAPITAL WHEEL OXON HILL MD
319,THE BLACKSMITH REDWOOD CITY CA
275,TCKTWEB*JAWNYWALLICE 800-965-4827 CA748228446EPS5E6Z
300,SUMUP *JOSE A MARTINEZ V CAMPBELL CA
112,STONE BREWING - LIBE 619-2692100 CA
111,STONE BREWING - LIBE 619-2692100 CA
103,SQ *WICKED POPCORN SAN DIEGO CA0001152921512428214340
210,SQ *SWSS T/A THE CRUCI WASHINGTON DC0002305843017075650872
209,SQ *SWSS T/A THE CRUCI WASHINGTON DC0002305843017075390817
185,SQ *SCRAMBLE ALEXANDRI ALEXANDRIA VA0002305843017048455554
186,SQ *SCRAMBLE ALEXANDRI ALEXANDRIA VA0002305843017048226229
87,SQ *SANDBOX VR MISSION GOSQ.COM CA0002305843016976425532
208,SQ *SALE PRICE TAXES FORT WASHINGTMD0002305843017073374408
348,SQ *NICK THE GREEK OYS SOUTH SAN FRACA0002305843017289917533
184,SQ *NH ENTERTAINMENT L OXON HILL MD0002305843017048063290
80,SQ *NEVERIA LOS MOCHIS SAN DIEGO CA0001152921512419051683
207,SQ *NEON CULTURE RIDGELAND MS0002305843017072974051
102,SQ *MAMA MADE THAI FOO SAN DIEGO CA0001152921512428151675
17,SQ *LOVE BURN CHICKEN SOUTH SAN FRACA0001152921512348130249
21,"SQ *HILARY CHIEM, O.D. SAN MATEO CA0001152921512353344153"
273,SQ *HELLA KINKETSU HAYWARD CA0001152921512535172822
206,SQ *HEALTH PUB- FASHIO ARLINGTON VA0002305843017070678524
299,SQ *HAPA'S BREWING COM SAN JOSE CA0002305843017204153884
306,SQ *DONUT DELITE SAN MATEO CA0001152921512561484525
79,SQ *BORDER X BREWING- SAN DIEGO CA0001152921512418764739
120,SQ *AYURBLISS PHYSICAL SAN MATEO CAAPPLE PAY ENDING IN 14550002305843016991252943
192,SQ *AYURBLISS PHYSICAL SAN MATEO CA0002305843017062540240
166,SQ *AYURBLISS PHYSICAL SAN MATEO CA0002305843017028948187
287,SQ *AYURBLISS PHYSICAL SAN MATEO CA0001152921512541037226
229,SQ *AYURBLISS LLC SAN MATEO CA0002305843017109071920
251,SQ *AYURBLISS LLC SAN MATEO CA0001152921512522245314
353,SPROUTS FARMERS MARSSS DALY CITY CA
181,SPORTS COLLECTIBLES 8557419003 NJ
182,SPORTS COLLECTIBLES 8557419003 NJ
131,SAN MATEO SPORTS NUTRITI SAN MATEO CA
188,SAMOS GREEK ISLAND GRI BALTIMORE MD
212,ROYAL FARMS #311 WHITE MARSH MD
213,ROYAL FARMS #311 WHITE MARSH MD
303,PRIME VIDEO *HG9HR5TX2 888-802-3080 WA1NYMU5STVWY
294,PP*COASTAL CURL OAKLAND CA
126,POPEYES 12669 SOUTH SAN FRACA
205,PHO NAM ALEXANDRIA VA
235,PAYPAL *ESPN PLUS 402-935-7733 CA
100,PARAMOUNT^ 888-274-5343 CA
240,PARAMOUNT^ 888-274-5343 CA
318,PAMF PA ONLINE BILL PAY 877-252-1777 CA
346,PACIFIC MOTORCYCLE TRAIN LIVERMORE CA
180,PABC MULTI SPACE 3 BALTIMORE MD
330,OTF SOUTH SAN FRAN 1266 650-8262009 CA
342,OTF SOUTH SAN FRAN 1266 650-8262009 CA
309,OTF SOUTH SAN FRAN 1266 650-8262009 CA
352,OTF SAN MATEO 650-4870404 CA
327,ONEPASS 877-515-9364 MN77847
248,ONEPASS 877-515-9364 MN76128
225,NISSAN OF BURLINGAME BURLINGAME CA
45,LEANPUB 6049168017 CAN
44,KATSU KEI* KEI KATSUCO 8668646522 VA
146,INTL SPY MUSEUM MUSEUM WASHINGTON DC
237,IM* KEYCHRON.COM 9293322099 NY
293,HOMEROOM TO GO OAKLAND CA
165,HILL PRINCE WASHINGTON DC
72,HI - SD DOWNTOWN HOSTEL SAN DIEGO CA
71,HI - SD DOWNTOWN HOSTEL SAN DIEGO CA
202,HARRISTEETER #392 BALTIMORE MD
174,HARRISTEETER #392 BALTIMORE MD
345,GP SPORTS - CA SAN JOSE CA
173,GOLDEN CORRAL #2486 LARGO MD
233,GHIRARDELLI SQ GARAGE PA SAN FRANCISCOCA
232,GHIRARDELLI #138 GCE SAN FRANCISCOCA
134,GALILEO BARR B22 ORD CHICAGO IL8741426392052847
133,GALILEO BARR B22 ORD CHICAGO IL4524
265,"FUZE TECHNOLOGY, INC. 2134516667 CA"
51,"FUZE TECHNOLOGY, INC. 2134516667 CA"
220,"FSP*303 -OIL CHANGER, IN PLEASANTON CA"
249,FRG*TEAMFANSHOP 855-210-8831 FL
226,FREETAXUSA.COM 877-2699027 UT
263,FASTRAK CSC 415-486-8655 CA
68,FASTRAK CSC 415-486-8655 CA
62,FASTRAK CSC 415-486-8655 CA
61,FASTRAK CSC 415-486-8655 CA
285,CURRY LEAF SAN FRANCISCOCA
47,CRACKED & BATTERED LLC 540-898-4343 CAAPPLE PAY ENDING IN 1455
301,CLR*YOGASIX6505342692 650-534-2692 CACLR*YOGASIX6505342692
316,CLAIRE'S #6154 DALY CITY CA
343,CHATGPT SUBSCRIPTION 4158799686 CA
329,CHATGPT SUBSCRIPTION 4158799686 CA
200,CHARLEYS PHILLY STEAKS 9 ARLINGTON VA
8,CAMINO PETROLEUM S SAN FRANCISCA
122,BLUE LINE TRANSFER SOUTH SAN FRACA
60,BLUE LINE TRANSFER SOUTH SAN FRACA
282,BIMBOS 365 CLUB SAN FRANCISCOCA
283,BIMBOS 365 CLUB SAN FRANCISCOCA
340,APPLE.COM/BILL 866-712-7753 CAAPPLE PAY ENDING IN 1455MMWD3KNN9SA0
298,APPLE.COM/BILL 866-712-7753 CAAPPLE PAY ENDING IN 1455MMWD31LF78A0
155,AMK CAPITAL ONE ARENA CN WASHINGTON DC
156,AMK CAPITAL ONE ARENA CN WASHINGTON DC
259,A&A GAS BURLINGAME CA
5,A PLUS DENTAL CENTER - S SAN MATEO CA
323,99 RANCH #1782 FOSTER CITY CA
314,8CHICK-FIL-A #04448 DALY CITY CA
199,72601 - NH MARINER GARAG OXON HILL MD
198,72601 - NH MARINER GARAG OXON HILL MD
56,02738 PF SAN BRUNO CA SAN BRUNO CA
